province_fa,city_fa,province_en,city_en
آذربایجان شرقی,آبش احمد,East Azerbaijan,Abeshahmad
آذربایجان شرقی,آذرشهر,East Azerbaijan,Azarshahr
آذربایجان شرقی,آقکند,East Azerbaijan,Aq kand
آذربایجان شرقی,اچاچی,East Azerbaijan,Achachi
آذربایجان شرقی,اسکو,East Azerbaijan,Osku
آذربایجان شرقی,اهر,East Azerbaijan,Ahar
آذربایجان شرقی,ایلخچی,East Azerbaijan,Ilkhchi
آذربایجان شرقی,باسمنج,East Azerbaijan,Basmenj
آذربایجان شرقی,بخشایش,East Azerbaijan,Bakhshayesh
آذربایجان شرقی,بستان آباد,East Azerbaijan,Bostan Abad
آذربایجان شرقی,بناب,East Azerbaijan,Bonab
آذربایجان شرقی,بناب مرند,East Azerbaijan,Benab-e Marand
آذربایجان شرقی,تبریز,East Azerbaijan,Tabriz
آذربایجان شرقی,ترک,East Azerbaijan,Terek
آذربایجان شرقی,ترکمانچای,East Azerbaijan,Torkamanchay
آذربایجان شرقی,تسوج,East Azerbaijan,Tasuj
آذربایجان شرقی,تیکمه داش,East Azerbaijan,Tikmedash
آذربایجان شرقی,تیمورلو,East Azerbaijan,Teymurlu
آذربایجان شرقی,جلفا,East Azerbaijan,Jolfa
آذربایجان شرقی,جوان قلعه,East Azerbaijan,Javan Qaleh
آذربایجان شرقی,خاروانا,East Azerbaijan,Kharvana
آذربایجان شرقی,خامنه,East Azerbaijan,Khamaneh
آذربایجان شرقی,خداجو(خراجو),East Azerbaijan,Kharaju
آذربایجان شرقی,خسروشاه,East Azerbaijan,Khosrowshah
آذربایجان شرقی,خمارلو,East Azerbaijan,Khumarlu
آذربایجان شرقی,خواجه,East Azerbaijan,Khajeh
آذربایجان شرقی,دوزدوزان,East Azerbaijan,Duzduzan
آذربایجان شرقی,زرنق,East Azerbaijan,Zarnaq
آذربایجان شرقی,زنوز,East Azerbaijan,Zonuz
آذربایجان شرقی,سراب,East Azerbaijan,Sarab
آذربایجان شرقی,سردرود,East Azerbaijan,Sard Rud
آذربایجان شرقی,سهند,East Azerbaijan,Sahand
آذربایجان شرقی,سیس,East Azerbaijan,Sis
آذربایجان شرقی,سیه رود,East Azerbaijan,Siyahrud
آذربایجان شرقی,شبستر,East Azerbaijan,Shabistar
آذربایجان شرقی,شربیان,East Azerbaijan,Sharabiyan
آذربایجان شرقی,شرفخانه,East Azerbaijan,Sharafkhaneh
آذربایجان شرقی,شندآباد,East Azerbaijan,Shendabad
آذربایجان شرقی,صوفیان,East Azerbaijan,Sufian
آذربایجان شرقی,عجب شیر,East Azerbaijan,Ajabshir
آذربایجان شرقی,قره آغاج,East Azerbaijan,Qareh Aghaj
آذربایجان شرقی,کشکسرای,East Azerbaijan,Koshksaray
آذربایجان شرقی,کلوانق,East Azerbaijan,Kalvanaq
آذربایجان شرقی,کلیبر,East Azerbaijan,Kaleybar
آذربایجان شرقی,کوزه کنان,East Azerbaijan,Kuzekonan
آذربایجان شرقی,گوگان,East Azerbaijan,Gugan
آذربایجان شرقی,لیلان,East Azerbaijan,Leylan
آذربایجان شرقی,مبارک شهر,East Azerbaijan,Mobarak Shahr
آذربایجان شرقی,مراغه,East Azerbaijan,Maragheh
آذربایجان شرقی,مرند,East Azerbaijan,Marand
آذربایجان شرقی,ملکان,East Azerbaijan,Malekan
آذربایجان شرقی,ممقان,East Azerbaijan,Mamqan
آذربایجان شرقی,مهربان,East Azerbaijan,Mehraban
آذربایجان شرقی,میانه,East Azerbaijan,Mianeh
آذربایجان شرقی,نظرکهریزی,East Azerbaijan,Nazarkahrizi
آذربایجان شرقی,هادیشهر,East Azerbaijan,Hadishahr
آذربایجان شرقی,هریس,East Azerbaijan,Heris
آذربایجان شرقی,هشترود,East Azerbaijan,Hashtrud
آذربایجان شرقی,هوراند,East Azerbaijan,Hurand
آذربایجان شرقی,وایقان,East Azerbaijan,Vayqan
آذربایجان شرقی,ورزقان,East Azerbaijan,Varziqan
آذربایجان شرقی,یامچی,East Azerbaijan,Yamchi
آذربایجان غربی,آواجیق,West Azerbaijan,Avajiq
آذربایجان غربی,ارومیه,West Azerbaijan,Urmia
آذربایجان غربی,اشنویه,West Azerbaijan,Oshnaviyeh
آذربایجان غربی,ایواوغلی,West Azerbaijan,Ivughli
آذربایجان غربی,باروق,West Azerbaijan,Baruq
آذربایجان غربی,بازرگان,West Azerbaijan,Bazargan
آذربایجان غربی,بوکان,West Azerbaijan,Bukan
آذربایجان غربی,پلدشت,West Azerbaijan,Poldasht
آذربایجان غربی,پیرانشهر,West Azerbaijan,Piranshahr
آذربایجان غربی,تازه شهر,West Azerbaijan,Tazeh Shahr
آذربایجان غربی,تکاب,West Azerbaijan,Tikab
آذربایجان غربی,چهاربرج,West Azerbaijan,Chaharborj
آذربایجان غربی,خلیفان,West Azerbaijan,Khalifan
آذربایجان غربی,خوی,West Azerbaijan,Khoy
آذربایجان غربی,دیزج دیز,West Azerbaijan,Dizaj Diz
آذربایجان غربی,ربط,West Azerbaijan,Rabat
آذربایجان غربی,زرآباد,West Azerbaijan,Zarabad
آذربایجان غربی,سردشت,West Azerbaijan,Sardasht
آذربایجان غربی,سرو,West Azerbaijan,Serow
آذربایجان غربی,سلماس,West Azerbaijan,Salmas
آذربایجان غربی,سیلوانه,West Azerbaijan,Silvaneh
آذربایجان غربی,سیمینه,West Azerbaijan,Simineh
آذربایجان غربی,سیه چشمه,West Azerbaijan,Chaldran
آذربایجان غربی,شاهین دژ,West Azerbaijan,Shahin Dezh
آذربایجان غربی,شوط,West Azerbaijan,Showt
آذربایجان غربی,فیرورق,West Azerbaijan,Firuraq
آذربایجان غربی,قره ضیاءالدین,West Azerbaijan,Qaraziadin
آذربایجان غربی,قطور,West Azerbaijan,Qotur
آذربایجان غربی,قوشچی,West Azerbaijan,Qushchi
آذربایجان غربی,کشاورز,West Azerbaijan,Keshavarz
آذربایجان غربی,گردکشانه,West Azerbaijan,Gherdakshaneh
آذربایجان غربی,ماکو,West Azerbaijan,Maku
آذربایجان غربی,محمدیار,West Azerbaijan,Mohammadyar
آذربایجان غربی,محمودآباد,West Azerbaijan,Mahmoudabad
آذربایجان غربی,مرگنلر,West Azerbaijan,Marganlar
آذربایجان غربی,مهاباد,West Azerbaijan,Mahabad
آذربایجان غربی,میاندوآب,West Azerbaijan,Miandoab
آذربایجان غربی,میرآباد,West Azerbaijan,Mirabad
آذربایجان غربی,نازک علیا,West Azerbaijan,Nazok-e Olya
آذربایجان غربی,نالوس,West Azerbaijan,Nalus
آذربایجان غربی,نقده,West Azerbaijan,Naghadeh
آذربایجان غربی,نوشین,West Azerbaijan,Nushin
اردبیل,آبی بیگلو,Ardabil,Abibiglou
اردبیل,اردبیل,Ardabil,Ardabil
اردبیل,اسلام اباد,Ardabil,Islamabad
اردبیل,اصلاندوز,Ardabil,Aslan Duz
اردبیل,بیله سوار,Ardabil,Bilasuvar
اردبیل,پارس آباد,Ardabil,Parsabad
اردبیل,تازه کند,Ardabil,Tazeh Kand
اردبیل,تازه کندانگوت,Ardabil,Tazeh Kand-e Angut
اردبیل,جعفرآباد,Ardabil,Jafarabad
اردبیل,خلخال,Ardabil,KhalKhal
اردبیل,رضی,Ardabil,Razey
اردبیل,سرعین,Ardabil,Sareyn
اردبیل,عنبران,Ardabil,Anbaran
اردبیل,فخراباد,Ardabil,Fakhrabad
اردبیل,قصابه,Ardabil,Qosabeh
اردبیل,کلور,Ardabil,Kolur
اردبیل,کوراییم,Ardabil,Kuraiem
اردبیل,گرمی,Ardabil,Germi
اردبیل,گیوی,Ardabil,Givi
اردبیل,لاهرود,Ardabil,Lahrud
اردبیل,مرادلو,Ardabil,Moradlu
اردبیل,مشگین شهر,Ardabil,Meshginshahr
اردبیل,نمین,Ardabil,Namin
اردبیل,نیر,Ardabil,Nir
اردبیل,هشتجین,Ardabil,Hashjin
اردبیل,هیر,Ardabil,Hir
اصفهان,آران وبیدگل,Isfahan,Aran va Bidgol
اصفهان,ابریشم,Isfahan,Abrisham
اصفهان,ابوزیدآباد,Isfahan,Abuzeydabad
اصفهان,اردستان,Isfahan,Ardestan
اصفهان,اژیه,Isfahan,Ezhieh
اصفهان,اصغرآباد,Isfahan,Asgharabad
اصفهان,اصفهان,Isfahan,Isfahan
اصفهان,افوس,Isfahan,Afus
اصفهان,انارک,Isfahan,Anarak
اصفهان,ایمانشهر,Isfahan,Iman Shahr
اصفهان,بادرود,Isfahan,Badroud
اصفهان,باغ بهادران,Isfahan,Baq Bahadoran
اصفهان,باغشاد,Isfahan,Baghshad
اصفهان,بافران,Isfahan,Bafran
اصفهان,برزک,Isfahan,Barzok
اصفهان,برف انبار,Isfahan,Barf Anbar
اصفهان,بهاران شهر,Isfahan,Baharanshahr
اصفهان,بهارستان,Isfahan,Baharestan
اصفهان,بویین ومیاندشت,Isfahan,Buin va Miandasht
اصفهان,پیربکران,Isfahan,Pir Bakran
اصفهان,تودشک,Isfahan,Toodeshk
اصفهان,تیران,Isfahan,Tiran
اصفهان,جندق,Isfahan,Jandaq
اصفهان,جوزدان,Isfahan,Joozdan
اصفهان,جوشقان قالی,Isfahan,Jowshaqan-e Qali
اصفهان,چادگان,Isfahan,Chadegan
اصفهان,چرمهین,Isfahan,Chermahin
اصفهان,چمگردان,Isfahan,Chamgordan
اصفهان,حبیب آباد,Isfahan,Habibabad
اصفهان,حسن اباد,Isfahan,Hasanabad
اصفهان,حنا,Isfahan,Hanna
اصفهان,خالدآباد,Isfahan,Khaledabad
اصفهان,خمینی شهر,Isfahan,Khomeyni Shahr
اصفهان,خوانسار,Isfahan,Khansar
اصفهان,خور,Isfahan,Khur
اصفهان,خورزوق,Isfahan,Khorzoq
اصفهان,داران,Isfahan,Daran
اصفهان,دامنه,Isfahan,Damaneh
اصفهان,درچه,Isfahan,Dorcheh
اصفهان,دستگرد,Isfahan,Dastgerd
اصفهان,دهاقان,Isfahan,Dehaqan
اصفهان,دهق,Isfahan,Dehagh
اصفهان,دولت آباد,Isfahan,Dawlatabad
اصفهان,دیزیچه,Isfahan,Dizicheh
اصفهان,رزوه,Isfahan,Rozveh
اصفهان,رضوانشهر,Isfahan,Rezvanshahr
اصفهان,زازران,Isfahan,Zazeran
اصفهان,زاینده رود,Isfahan,Zayandeh Rud
اصفهان,زرین شهر,Isfahan,Zarrinshahr
اصفهان,زواره,Isfahan,Zavareh
اصفهان,زیار,Isfahan,Ziar
اصفهان,زیباشهر,Isfahan,Zibashahr
اصفهان,سجزی,Isfahan,Sejzi
اصفهان,سده لنجان,Isfahan,Sedeh Lanjan
اصفهان,سفیدشهر,Isfahan,Sefidshahr
اصفهان,سمیرم,Isfahan,Semirom
اصفهان,سین,Isfahan,Sin
اصفهان,شاپورآباد,Isfahan,Shahpurabad
اصفهان,شاهین شهر,Isfahan,Shahin Shahr
اصفهان,شهرضا,Isfahan,Shahreza
اصفهان,طالخونچه,Isfahan,Talkhuncheh
اصفهان,طرق رود,Isfahan,Tarqrud
اصفهان,عسگران,Isfahan,Asgarans
اصفهان,علویجه,Isfahan,Alavijeh
اصفهان,فرخی,Isfahan,Farrokhi
اصفهان,فریدونشهر,Isfahan,Fereydunshahr
اصفهان,فلاورجان,Isfahan,Falavarjan
اصفهان,فولادشهر,Isfahan,FuladShahr
اصفهان,قمصر,Isfahan,Qamsar
اصفهان,قهجاورستان,Isfahan,Qahjavarestan
اصفهان,قهدریجان,Isfahan,Qahderijan
اصفهان,کاشان,Isfahan,Kashan
اصفهان,کامو و چوگان,Isfahan,Jowsheqan va Kamu
اصفهان,کرکوند,Isfahan,Karkevand
اصفهان,کلیشادوسودرجان,Isfahan,Kelishad and Sudarjan
اصفهان,کمشچه,Isfahan,Komshecheh
اصفهان,کمه,Isfahan,Komeh
اصفهان,کهریزسنگ,Isfahan,Kahriz Sang
اصفهان,کوشک,Isfahan,Kushk
اصفهان,کوهپایه,Isfahan,Koohpayeh
اصفهان,گرگاب,Isfahan,Gorgab
اصفهان,گزبرخوار,Isfahan,Gaz-e Borkhar
اصفهان,گلپایگان,Isfahan,Golpayegan
اصفهان,گلدشت,Isfahan,Goldasht
اصفهان,گلشن,Isfahan,Golshan
اصفهان,گلشهر,Isfahan,Golshahr
اصفهان,گوگد,Isfahan,Guged
اصفهان,لای بید,Isfahan,Laybid
اصفهان,مبارکه,Isfahan,Mobarakeh
اصفهان,مجلسی,Isfahan,Majlesi
اصفهان,محمدآباد,Isfahan,Mohammadabad
اصفهان,مشکات,Isfahan,Mashkat
اصفهان,منظریه,Isfahan,Manzariyeh
اصفهان,مهاباد,Isfahan,Mahabad
اصفهان,میمه,Isfahan,Meymeh
اصفهان,نایین,Isfahan,Nain
اصفهان,نجف آباد,Isfahan,Najafabad
اصفهان,نصرآباد,Isfahan,Nasrabad
اصفهان,نطنز,Isfahan,Natanz
اصفهان,نوش آباد,Isfahan,Nushabad
اصفهان,نیاسر,Isfahan,Niasar
اصفهان,نیک آباد,Isfahan,Nikabad
اصفهان,هرند,Isfahan,Harand
اصفهان,ورزنه,Isfahan,Varzaneh
اصفهان,ورنامخواست,Isfahan,Varnamkhast
اصفهان,وزوان,Isfahan,Vazvan
اصفهان,ونک,Isfahan,Vanak
البرز,آسارا,Alborz,Asara
البرز,اشتهارد,Alborz,Eshtehard
البرز,تنکمان,Alborz,Tankaman
البرز,چهارباغ,Alborz,Chaharbagh
البرز,شهرجدیدهشتگرد,Alborz,Mehestan
البرز,طالقان,Alborz,Taleqan
البرز,فردیس,Alborz,Karaj
البرز,کرج,Alborz,Karaj
البرز,کمال شهر,Alborz,Kamalshahr
البرز,کوهسار,Alborz,Kuhsar
البرز,گرمدره,Alborz,Garmdarreh
البرز,گلسار,Alborz,Golsar
البرز,ماهدشت,Alborz,Mahdasht
البرز,محمدشهر,Alborz,Mohammad Shahr
البرز,مشکین دشت,Alborz,Meshkin Dasht
البرز,نظرآباد,Alborz,Nazarabad
البرز,هشتگرد,Alborz,Hashtgerd
ایلام,آبدانان,Ilam,Abdanan
ایلام,آسمان آباد,Ilam,Aseman abad
ایلام,ارکواز,Ilam,Arkvaz
ایلام,ایلام,Ilam,Ilam
ایلام,ایوان,Ilam,Eywan
ایلام,بدره,Ilam,Badreh
ایلام,بلاوه,Ilam,Balavah
ایلام,پهله,Ilam,Pahleh
ایلام,توحید,Ilam,Towhid
ایلام,چوار,Ilam,Chavar
ایلام,دره شهر,Ilam,Darreh Shahr
ایلام,دلگشا,Ilam,Delgosha
ایلام,دهلران,Ilam,Dehloran
ایلام,زرنه,Ilam,Zarneh
ایلام,سراب باغ,Ilam,Sarab Bagh
ایلام,سرابله,Ilam,Sarableh
ایلام,شباب,Ilam,Shabab
ایلام,صالح آباد,Ilam,Saleh Abad-e-Garbi
ایلام,لومار,Ilam,Lumar
ایلام,ماژین,Ilam,Majin
ایلام,مهر,Ilam,Turbah
ایلام,مهران,Ilam,Mehran
ایلام,مورموری,Ilam,Murmuri
ایلام,موسیان,Ilam,Musian
ایلام,میمه,Ilam,Meymeh
بوشهر,آب پخش,Bushehr,Ab Pakhsh
بوشهر,آباد,Bushehr,Abad
بوشهر,آبدان,Bushehr,Abdan
بوشهر,امام حسن,Bushehr,Emam Hasan
بوشهر,انارستان,Bushehr,Anarestan
بوشهر,اهرم,Bushehr,Ahram
بوشهر,بادوله,Bushehr,Baduleh
بوشهر,برازجان,Bushehr,Borazjan
بوشهر,بردخون,Bushehr,Bordekhoon
بوشهر,بردستان,Bushehr,Bardestan
بوشهر,بندردیر,Bushehr,Bandar-e Dayyer
بوشهر,بندردیلم,Bushehr,Bandar-e Deylam
بوشهر,بندرریگ,Bushehr,Bandar-e Rig
بوشهر,بندرکنگان,Bushehr,Bandar-e Kangan
بوشهر,بندرگناوه,Bushehr,Bandar-e Ganaveh
بوشهر,بنک,Bushehr,Banak
بوشهر,بوشکان,Bushehr,Bushkan
بوشهر,بوشهر,Bushehr,Bushehr
بوشهر,تنگ ارم,Bushehr,Tang-e Eram
بوشهر,جم,Bushehr,Jam
بوشهر,چغادک,Bushehr,Choghadak
بوشهر,خارک,Bushehr,Khark
بوشهر,خورموج,Bushehr,Khormoj
بوشهر,دالکی,Bushehr,Dalaki
بوشهر,دلوار,Bushehr,Delvar
بوشهر,دوراهک,Bushehr,Dowrahak
بوشهر,ریز,Bushehr,Riz
بوشهر,سعد آباد,Bushehr,Saadabad
بوشهر,سیراف,Bushehr,Siraf
بوشهر,شبانکاره,Bushehr,Shabankareh
بوشهر,شنبه,Bushehr,Shonbeh
بوشهر,عسلویه,Bushehr,Asalouyeh
بوشهر,کاکی,Bushehr,Kaki
بوشهر,کلمه,Bushehr,Kalameh
بوشهر,نخل تقی,Bushehr,Nakhl-e Taghi
بوشهر,وحدتیه,Bushehr,Vahdatiyeh
تهران,آبسرد,Tehran,Absard
تهران,آبعلی,Tehran,Abali
تهران,احمد آباد مستوفی,Tehran,Ahmadabad-e Mostowfi
تهران,ارجمند,Tehran,Arjmand
تهران,اسلامشهر,Tehran,Eslamshahr
تهران,اندیشه,Tehran,Andisha
تهران,باغستان,Tehran,Baghestan
تهران,باقرشهر,Tehran,Baqershahr
تهران,بومهن,Tehran,Bumehen
تهران,پاکدشت,Tehran,Pakdasht
تهران,پردیس,Tehran,Pardis
تهران,پرند,Tehran,Parand
تهران,پیشوا,Tehran,Pishva
تهران,تجریش,Tehran,Tajrish
تهران,تهران,Tehran,Tehran
تهران,جوادآباد,Tehran,Javadabad
تهران,چهاردانگه,Tehran,Chahar Dangeh
تهران,حسن آباد,Tehran,Hasan Abad
تهران,دماوند,Tehran,Damavand
تهران,رباطکریم,Tehran,Robat Karim
تهران,رودهن,Tehran,Rudehen
تهران,ری,Tehran,Ray
تهران,شاهدشهر,Tehran,Shahedshahr
تهران,شریف آباد,Tehran,Sharifabad
تهران,شمشک,Tehran,Shemshak
تهران,شهریار,Tehran,Shahriar
تهران,صالحیه,Tehran,Salehiyeh
تهران,صباشهر,Tehran,Sabashahr
تهران,صفادشت,Tehran,Sadfa Dasht
تهران,فردوسیه,Tehran,Ferdosiyeh
تهران,فرون اباد,Tehran,Ferunabad
تهران,فشم,Tehran,Fasham
تهران,فیروزکوه,Tehran,Firuzkuh
تهران,قدس,Tehran,Qods
تهران,قرچک,Tehran,Qarchak
تهران,کهریزک,Tehran,Kahrizak
تهران,کیلان,Tehran,Kilan
تهران,گلستان,Tehran,Golestan
تهران,لواسان,Tehran,Lavasan
تهران,ملارد,Tehran,Malard
تهران,نسیم شهر,Tehran,Nasimshahr
تهران,نصیرشهر,Tehran,Nasirshahr
تهران,وحیدیه,Tehran,Vahidiyyeh
تهران,ورامین,Tehran,Varamin
چهارمحال و بختیاری,آلونی,Chaharmahal and Bakhtiari,Aluni
چهارمحال و بختیاری,اردل,Chaharmahal and Bakhtiari,Ardal
چهارمحال و بختیاری,باباحیدر,Chaharmahal and Bakhtiari,Babaheydar
چهارمحال و بختیاری,بازفت,Chaharmahal and Bakhtiari,"Bazoft, Kuhrang"
چهارمحال و بختیاری,بروجن,Chaharmahal and Bakhtiari,Borujen
چهارمحال و بختیاری,بلداجی,Chaharmahal and Bakhtiari,Boldaji
چهارمحال و بختیاری,بن,Chaharmahal and Bakhtiari,Ben
چهارمحال و بختیاری,پردنجان,Chaharmahal and Bakhtiari,Pardanjan
چهارمحال و بختیاری,جونقان,Chaharmahal and Bakhtiari,Junqan
چهارمحال و بختیاری,چلگرد,Chaharmahal and Bakhtiari,Chelgerd
چهارمحال و بختیاری,چلیچه,Chaharmahal and Bakhtiari,Cholicheh
چهارمحال و بختیاری,دستنا,Chaharmahal and Bakhtiari,Dastena
چهارمحال و بختیاری,دشتک,Chaharmahal and Bakhtiari,Dashtak
چهارمحال و بختیاری,سامان,Chaharmahal and Bakhtiari,Saman
چهارمحال و بختیاری,سرخون,Chaharmahal and Bakhtiari,Sarkhun
چهارمحال و بختیاری,سردشت,Chaharmahal and Bakhtiari,Sardasht
چهارمحال و بختیاری,سفیددشت,Chaharmahal and Bakhtiari,Sefiddasht
چهارمحال و بختیاری,سودجان,Chaharmahal and Bakhtiari,Sodejan
چهارمحال و بختیاری,سورشجان,Chaharmahal and Bakhtiari,Sureshjan
چهارمحال و بختیاری,شلمزار,Chaharmahal and Bakhtiari,Shalamzar
چهارمحال و بختیاری,شهرکرد,Chaharmahal and Bakhtiari,Shahr-e Kord
چهارمحال و بختیاری,صمصامی,Chaharmahal and Bakhtiari,Samsami
چهارمحال و بختیاری,طاقانک,Chaharmahal and Bakhtiari,Taqanak
چهارمحال و بختیاری,فارسان,Chaharmahal and Bakhtiari,Farsan
چهارمحال و بختیاری,فرادبنه,Chaharmahal and Bakhtiari,Faradonbeh
چهارمحال و بختیاری,فرخ شهر,Chaharmahal and Bakhtiari,Farrokhshahr
چهارمحال و بختیاری,کاج,Chaharmahal and Bakhtiari,Kaj
چهارمحال و بختیاری,کیان,Chaharmahal and Bakhtiari,Kian
چهارمحال و بختیاری,گندمان,Chaharmahal and Bakhtiari,Gandoman
چهارمحال و بختیاری,گهرو,Chaharmahal and Bakhtiari,Gahru
چهارمحال و بختیاری,گوجان,Chaharmahal and Bakhtiari,Gujan
چهارمحال و بختیاری,لردگان,Chaharmahal and Bakhtiari,Lordegan
چهارمحال و بختیاری,مال خلیفه,Chaharmahal and Bakhtiari,Malkhalifeh
چهارمحال و بختیاری,منج,Chaharmahal and Bakhtiari,Monj
چهارمحال و بختیاری,ناغان,Chaharmahal and Bakhtiari,Naghan
چهارمحال و بختیاری,نافچ,Chaharmahal and Bakhtiari,Nafch
چهارمحال و بختیاری,نقنه,Chaharmahal and Bakhtiari,Naqneh
چهارمحال و بختیاری,هارونی,Chaharmahal and Bakhtiari,Haruni
چهارمحال و بختیاری,هفشجان,Chaharmahal and Bakhtiari,Hafshejan
چهارمحال و بختیاری,وردنجان,Chaharmahal and Bakhtiari,Vardanjan
خراسان جنوبی,آرین شهر,South Khorasan,Arianshahr
خراسان جنوبی,آیسک,South Khorasan,Ayask
خراسان جنوبی,ارسک,South Khorasan,Eresk
خراسان جنوبی,اسدیه,South Khorasan,Asadiyeh
خراسان جنوبی,اسفدن,South Khorasan,Esfeden
خراسان جنوبی,اسلامیه,South Khorasan,Eslamiyeh
خراسان جنوبی,بشرویه,South Khorasan,Boshruyeh
خراسان جنوبی,بیرجند,South Khorasan,Birjand
خراسان جنوبی,حاجی آباد,South Khorasan,Hajiabad
خراسان جنوبی,خضری دشت بیاض,South Khorasan,Khezri Dasht Beyaz
خراسان جنوبی,خوسف,South Khorasan,Khusf
خراسان جنوبی,دیهوک,South Khorasan,Deyhuk
خراسان جنوبی,زهان,South Khorasan,Zohan
خراسان جنوبی,سرایان,South Khorasan,Sarayan
خراسان جنوبی,سربیشه,South Khorasan,Sarbisheh
خراسان جنوبی,سه قلعه,South Khorasan,Se Qaleh
خراسان جنوبی,شوسف,South Khorasan,Shusef
خراسان جنوبی,طبس,South Khorasan,Tabas
خراسان جنوبی,طبس مسینا,South Khorasan,Tabas-e Masina
خراسان جنوبی,عشق آباد,South Khorasan,Eshqabad
خراسان جنوبی,فردوس,South Khorasan,Ferdows
خراسان جنوبی,قاین,South Khorasan,Qaen
خراسان جنوبی,قهستان,South Khorasan,Qohestan
خراسان جنوبی,گزیک,South Khorasan,Gazik
خراسان جنوبی,محمدشهر,South Khorasan,Mohammad Shahr
خراسان جنوبی,مود,South Khorasan,Mud
خراسان جنوبی,نهبندان,South Khorasan,Nehbandan
خراسان جنوبی,نیمبلوک,South Khorasan,Nimbeluk
خراسان رضوی,احمدابادصولت,Razavi Khorasan,Ahmadabad-e Sowlat
خراسان رضوی,انابد,Razavi Khorasan,Anabad
خراسان رضوی,باجگیران,Razavi Khorasan,Bajgiran
خراسان رضوی,باخرز,Razavi Khorasan,Bakharz
خراسان رضوی,بار,Razavi Khorasan,Bar
خراسان رضوی,بایک,Razavi Khorasan,Bayg
خراسان رضوی,بجستان,Razavi Khorasan,Bajestan
خراسان رضوی,بردسکن,Razavi Khorasan,Bardaskan
خراسان رضوی,بیدخت,Razavi Khorasan,Bidokht
خراسان رضوی,تایباد,Razavi Khorasan,Taybad
خراسان رضوی,تربت جام,Razavi Khorasan,Torbat-e Jam
خراسان رضوی,تربت حیدریه,Razavi Khorasan,Torbat-e Heydarieh
خراسان رضوی,جغتای,Razavi Khorasan,Joghatay
خراسان رضوی,جنگل,Razavi Khorasan,Jangal
خراسان رضوی,چاپشلو,Razavi Khorasan,Chapeshlu
خراسان رضوی,چکنه,Razavi Khorasan,Chekneh
خراسان رضوی,چناران,Razavi Khorasan,Chenaran
خراسان رضوی,خرو,Razavi Khorasan,Kharv
خراسان رضوی,خلیل آباد,Razavi Khorasan,Khalil Abad
خراسان رضوی,خواف,Razavi Khorasan,Khaf
خراسان رضوی,داورزن,Razavi Khorasan,Davarzan
خراسان رضوی,درگز,Razavi Khorasan,Dargaz
خراسان رضوی,درود,Razavi Khorasan,Darud
خراسان رضوی,دولت آباد,Razavi Khorasan,Dawlatabad
خراسان رضوی,رباط سنگ,Razavi Khorasan,Robat Sang
خراسان رضوی,رشتخوار,Razavi Khorasan,Roshtkhar
خراسان رضوی,رضویه,Razavi Khorasan,Razaviyeh
خراسان رضوی,روداب,Razavi Khorasan,Rudab
خراسان رضوی,ریوش,Razavi Khorasan,Rivash
خراسان رضوی,سبزوار,Razavi Khorasan,Sabzevar
خراسان رضوی,سرخس,Razavi Khorasan,Sarakhs
خراسان رضوی,سفیدسنگ,Razavi Khorasan,Sefid Sang
خراسان رضوی,سلامی,Razavi Khorasan,Salami
خراسان رضوی,سلطان آباد,Razavi Khorasan,Soltanabad
خراسان رضوی,سنگان,Razavi Khorasan,Sangan
خراسان رضوی,شادمهر,Razavi Khorasan,Shadmehr
خراسان رضوی,شاندیز,Razavi Khorasan,Shandiz
خراسان رضوی,ششتمد,Razavi Khorasan,Sheshtamad
خراسان رضوی,شهراباد,Razavi Khorasan,Shahrabad
خراسان رضوی,شهرزو,Razavi Khorasan,Shahr-e Zu
خراسان رضوی,صالح آباد,Razavi Khorasan,Saleh Abad
خراسان رضوی,طرقبه,Razavi Khorasan,Torghabeh
خراسان رضوی,عشق آباد,Razavi Khorasan,Eshqabad
خراسان رضوی,فرهادگرد,Razavi Khorasan,Farhad Gerd
خراسان رضوی,فریمان,Razavi Khorasan,Fariman
خراسان رضوی,فیروزه,Razavi Khorasan,Firuzeh
خراسان رضوی,فیض آباد,Razavi Khorasan,Fayzabad
خراسان رضوی,قاسم آباد,Razavi Khorasan,Qasemabad
خراسان رضوی,قدمگاه,Razavi Khorasan,Ghadamgah
خراسان رضوی,قلندرآباد,Razavi Khorasan,Qalandarabad
خراسان رضوی,قوچان,Razavi Khorasan,Ghoochan
خراسان رضوی,کاخک,Razavi Khorasan,Kakhk
خراسان رضوی,کاریز,Razavi Khorasan,Kariz
خراسان رضوی,کاشمر,Razavi Khorasan,Kashmar
خراسان رضوی,کدکن,Razavi Khorasan,Kadkan
خراسان رضوی,کلات,Razavi Khorasan,Kalat
خراسان رضوی,کندر,Razavi Khorasan,Kondor
خراسان رضوی,گلمکان,Razavi Khorasan,Golmakan
خراسان رضوی,گناباد,Razavi Khorasan,Gonabad
خراسان رضوی,لطف آباد,Razavi Khorasan,Lotfabad
خراسان رضوی,مزدآوند,Razavi Khorasan,Mazdavand
خراسان رضوی,مشهد,Razavi Khorasan,Mashhad
خراسان رضوی,مشهدریزه,Razavi Khorasan,Mashhad Rizeh
خراسان رضوی,ملک آباد,Razavi Khorasan,Malekabad
خراسان رضوی,نشتیفان,Razavi Khorasan,Nashtifan
خراسان رضوی,نصرآباد,Razavi Khorasan,Nasrabad
خراسان رضوی,نقاب,Razavi Khorasan,Neqab
خراسان رضوی,نوخندان,Razavi Khorasan,Nokhandan
خراسان رضوی,نیشابور,Razavi Khorasan,Neyshabur
خراسان رضوی,نیل شهر,Razavi Khorasan,Nilshahr
خراسان رضوی,همت آباد,Razavi Khorasan,Hemmatabad
خراسان رضوی,یونسی,Razavi Khorasan,Yoonesi
خراسان شمالی,آشخانه,North Khorasan,Ashkhaneh
خراسان شمالی,آوا,North Khorasan,Ava
خراسان شمالی,اسفراین,North Khorasan,Esfarayen
خراسان شمالی,ایور,North Khorasan,Ivar
خراسان شمالی,بجنورد,North Khorasan,Bojnord
خراسان شمالی,پیش قلعه,North Khorasan,Pish Qaleh
خراسان شمالی,تیتکانلو,North Khorasan,Titkanlu
خراسان شمالی,جاجرم,North Khorasan,Jajarm
خراسان شمالی,چناران شهر,North Khorasan,Chenaranshahr
خراسان شمالی,حصارگرمخان,North Khorasan,Hesar-e Garmkhan
خراسان شمالی,درق,North Khorasan,Daraq
خراسان شمالی,راز,North Khorasan,Raz
خراسان شمالی,زیارت,North Khorasan,Ziyarat
خراسان شمالی,سنخواست,North Khorasan,Sankhast
خراسان شمالی,شوقان,North Khorasan,Shoghan
خراسان شمالی,شیروان,North Khorasan,Shirvan
خراسان شمالی,صفی آباد,North Khorasan,Safiabad
خراسان شمالی,فاروج,North Khorasan,Faruj
خراسان شمالی,قاضی,North Khorasan,Qazi
خراسان شمالی,قوشخانه,North Khorasan,Qushkhaneh
خراسان شمالی,گرمه,North Khorasan,Garmeh
خراسان شمالی,لوجلی,North Khorasan,Lujli
خوزستان,آبادان,Khuzestan,Abadan
خوزستان,آبژدان,Khuzestan,Abzhdan
خوزستان,آزادی,Khuzestan,Azadi
خوزستان,آغاجاری,Khuzestan,Aghajari
خوزستان,ابوحمیظه,Khuzestan,Abu Homeyzeh
خوزستان,اروندکنار,Khuzestan,Arwandkenar
خوزستان,الهایی,Khuzestan,Elhayi
خوزستان,الوان,Khuzestan,Alvan
خوزستان,امیدیه,Khuzestan,Omidiyeh
خوزستان,اندیمشک,Khuzestan,Andimeshk
خوزستان,اهواز,Khuzestan,Ahwaz
خوزستان,ایذه,Khuzestan,Izeh
خوزستان,باغ ملک,Khuzestan,Baghmalek
خوزستان,بستان,Khuzestan,Bostan
خوزستان,بندرامام خمینی,Khuzestan,Bandar-e Emam Khomeyni
خوزستان,بندرماهشهر,Khuzestan,Bandar-e Mahshahr
خوزستان,بهبهان,Khuzestan,Behbahan
خوزستان,بیدروبه,Khuzestan,Bidrubeh-ye Markazi
خوزستان,ترکالکی,Khuzestan,Torkalaki
خوزستان,تشان,Khuzestan,Tashan
خوزستان,جایزان,Khuzestan,Jayezan
خوزستان,جنت مکان,Khuzestan,Jannat Makan
خوزستان,چغامیش,Khuzestan,Choghamish
خوزستان,چم گلک,Khuzestan,Cham Golak
خوزستان,چمران,Khuzestan,Chamran
خوزستان,چویبده,Khuzestan,Chavibdeh
خوزستان,حر,Khuzestan,Hor
خوزستان,حسینیه,Khuzestan,Hoseyniyeh
خوزستان,حمزه,Khuzestan,Hamza
خوزستان,حمیدیه,Khuzestan,Hamidieh
خوزستان,خرمشهر,Khuzestan,Khorramshahr
خوزستان,خنافره,Khuzestan,Khanafereh
خوزستان,دارخوین,Khuzestan,Darkhoveyn
خوزستان,دزفول,Khuzestan,Dezful
خوزستان,دهدز,Khuzestan,Dehdez
خوزستان,رامشیر,Khuzestan,Ramshir
خوزستان,رامهرمز,Khuzestan,Ramhormoz
خوزستان,رفیع,Khuzestan,Rafi
خوزستان,زهره,Khuzestan,Zahreh
خوزستان,سالند,Khuzestan,Saland
خوزستان,سرداران,Khuzestan,Sardaran
خوزستان,سردشت,Khuzestan,Sardasht
خوزستان,سماله,Khuzestan,Somaleh
خوزستان,سوسنگرد,Khuzestan,Sousangerd
خوزستان,سیاه منصور,Khuzestan,Siah Mansur
خوزستان,شادگان,Khuzestan,Shadegan
خوزستان,شاوور,Khuzestan,Shavoor
خوزستان,شرافت,Khuzestan,Sharafat
خوزستان,شمس آباد,Khuzestan,Shamsabad
خوزستان,شهر امام,Khuzestan,Shahr-e Emam
خوزستان,شوش,Khuzestan,Shoush
خوزستان,شوشتر,Khuzestan,Shushtar
خوزستان,شیبان,Khuzestan,Sheyban
خوزستان,صالح شهر,Khuzestan,saleh shahr
خوزستان,صفی آباد,Khuzestan,Safiabad
خوزستان,صیدون,Khuzestan,Seydun
خوزستان,فتح المبین,Khuzestan,Fath ol-Mobin
خوزستان,قلعه تل,Khuzestan,Qaleh Toll
خوزستان,قلعه خواجه,Khuzestan,Qaleh-ye Khvajeh
خوزستان,کوت سیدنعیم,Khuzestan,Kut-e Seyyed Naim
خوزستان,کوت عبداله,Khuzestan,Kut-e Abdollah
خوزستان,گتوند,Khuzestan,Gotvand
خوزستان,گلگیر,Khuzestan,Golgir
خوزستان,گوریه,Khuzestan,Guriyeh
خوزستان,لالی,Khuzestan,Lali
خوزستان,مسجدسلیمان,Khuzestan,Masjedsoleyman
خوزستان,مشراگه,Khuzestan,Moshrageh
خوزستان,مقاومت,Khuzestan,Moqavemat
خوزستان,ملاثانی,Khuzestan,Mollasani
خوزستان,منصوریه,Khuzestan,Mansuriyeh
خوزستان,میانرود,Khuzestan,Mianrud
خوزستان,میداود,Khuzestan,Meydavud
خوزستان,مینوشهر,Khuzestan,Minooshahr
خوزستان,هفتگل,Khuzestan,Haftgel
خوزستان,هندیجان,Khuzestan,Hendijan
خوزستان,هویزه,Khuzestan,Hoveyzeh
خوزستان,ویس,Khuzestan,Vis
زنجان,آب بر,Zanjan,Ab Bar
زنجان,ابهر,Zanjan,Abhar
زنجان,ارمغانخانه,Zanjan,Armaghankhaneh
زنجان,چورزق,Zanjan,Chavarzagh
زنجان,حلب,Zanjan,Aleppo
زنجان,خرمدره,Zanjan,Khorramdarreh
زنجان,دندی,Zanjan,Dandi
زنجان,زرین آباد,Zanjan,Zarrinabad
زنجان,زرین رود,Zanjan,Zarrin Rud
زنجان,زنجان,Zanjan,Zanjan
زنجان,سجاس,Zanjan,Sojas
زنجان,سلطانیه,Zanjan,Soltaniyeh
زنجان,سهرورد,Zanjan,Sohrevard
زنجان,صایین قلعه,Zanjan,Sain Qaleh
زنجان,قیدار,Zanjan,Qeydar
زنجان,کرسف,Zanjan,Karasf
زنجان,گرماب,Zanjan,Garmab
زنجان,ماه نشان,Zanjan,Mah Neshan
زنجان,نوربهار,Zanjan,Nurbahar
زنجان,نیک پی,Zanjan,Nik Pey
زنجان,هیدج,Zanjan,Hidaj
سمنان,آرادان,Semnan,Aradan
سمنان,امیریه,Semnan,Amiriyeh
سمنان,ایوانکی,Semnan,Eyvane kay
سمنان,بسطام,Semnan,Bastam
سمنان,بیارجمند,Semnan,Beyarjmand
سمنان,دامغان,Semnan,Damghan
سمنان,درجزین,Semnan,Darjazin
سمنان,دیباج,Semnan,Dibaj
سمنان,رودیان,Semnan,Ruyan
سمنان,سرخه,Semnan,Sorkheh
سمنان,سمنان,Semnan,Semnan
سمنان,شاهرود,Semnan,Shahrud
سمنان,شهمیرزاد,Semnan,Shahmirzad
سمنان,کلاته,Semnan,Kalateh
سمنان,کلاته خیج,Semnan,Kalate khij
سمنان,کهن آباد,Semnan,Kohanabad
سمنان,گرمسار,Semnan,Garmsar
سمنان,مجن,Semnan,Mojen
سمنان,مهدی شهر,Semnan,Mahdishahr
سمنان,میامی,Semnan,Maiamai
سیستان و بلوچستان,ادیمی,Sistan and Baluchestan,Adimi
سیستان و بلوچستان,اسپکه,Sistan and Baluchestan,Espakeh
سیستان و بلوچستان,ایرانشهر,Sistan and Baluchestan,Iranshahr
سیستان و بلوچستان,بزمان,Sistan and Baluchestan,Bazman
سیستان و بلوچستان,بمپور,Sistan and Baluchestan,Bampur
سیستان و بلوچستان,بنت,Sistan and Baluchestan,Bent
سیستان و بلوچستان,بنجار,Sistan and Baluchestan,Bonjar
سیستان و بلوچستان,پیشین,Sistan and Baluchestan,Pishin
سیستان و بلوچستان,جالق,Sistan and Baluchestan,Jaleq
سیستان و بلوچستان,چاه بهار,Sistan and Baluchestan,Chabahar
سیستان و بلوچستان,خاش,Sistan and Baluchestan,Khash
سیستان و بلوچستان,دوست محمد,Sistan and Baluchestan,Dust Mohammad
سیستان و بلوچستان,راسک,Sistan and Baluchestan,Rasak
سیستان و بلوچستان,زابل,Sistan and Baluchestan,Zabul
سیستان و بلوچستان,زابلی,Sistan and Baluchestan,Zaboli
سیستان و بلوچستان,زاهدان,Sistan and Baluchestan,Zahedan
سیستان و بلوچستان,زرآباد,Sistan and Baluchestan,Zarabad
سیستان و بلوچستان,زهک,Sistan and Baluchestan,Zehak
سیستان و بلوچستان,سراوان,Sistan and Baluchestan,Saravan
سیستان و بلوچستان,سرباز,Sistan and Baluchestan,Sarbaz
سیستان و بلوچستان,سوران,Sistan and Baluchestan,Suran
سیستان و بلوچستان,سیرکان,Sistan and Baluchestan,Sirkan
سیستان و بلوچستان,شهرک علی اکبر,Sistan and Baluchestan,"Ali Akbar, Sistan and Baluchestan"
سیستان و بلوچستان,فنوج,Sistan and Baluchestan,Fanuj
سیستان و بلوچستان,قصرقند,Sistan and Baluchestan,Qasr-e Qand
سیستان و بلوچستان,کنارک,Sistan and Baluchestan,Konarak
سیستان و بلوچستان,گشت,Sistan and Baluchestan,Gasht
سیستان و بلوچستان,گلمورتی,Sistan and Baluchestan,Golmorti
سیستان و بلوچستان,محمدآباد,Sistan and Baluchestan,Mohammadabad
سیستان و بلوچستان,محمدان,Sistan and Baluchestan,Mohammadan
سیستان و بلوچستان,محمدی,Sistan and Baluchestan,Mohammadi
سیستان و بلوچستان,میرجاوه,Sistan and Baluchestan,Mirjaveh
سیستان و بلوچستان,نصرت آباد,Sistan and Baluchestan,Nosratabad
سیستان و بلوچستان,نگور,Sistan and Baluchestan,Negur
سیستان و بلوچستان,نوک آباد,Sistan and Baluchestan,Nukabad
سیستان و بلوچستان,نیک شهر,Sistan and Baluchestan,Nikshahr
سیستان و بلوچستان,هیدوچ,Sistan and Baluchestan,Hiduj
فارس,آباده,Fars,Abadeh
فارس,آباده طشک,Fars,Abadeh Tashk
فارس,اردکان,Fars,Ardakan
فارس,ارسنجان,Fars,Arsanjan
فارس,استهبان,Fars,Estahban
فارس,اسیر,Fars,Asir
فارس,اشکنان,Fars,Eshkanan
فارس,افزر,Fars,Efzar
فارس,اقلید,Fars,Eghlid
فارس,امام شهر,Fars,Emam Shahr
فارس,اهل,Fars,Ahel
فارس,اوز,Fars,Evaz
فارس,ایج,Fars,Ij
فارس,ایزدخواست,Fars,Izadkhast
فارس,باب انار,Fars,Bab Anar
فارس,بابامنیر,Fars,Baba Monir
فارس,بالاده,Fars,Baladeh
فارس,بنارویه,Fars,Banaruiyeh
فارس,بهمن,Fars,Bahman
فارس,بوانات,Fars,Bavanat
فارس,بیرم,Fars,Beyram
فارس,بیضا,Fars,Beyza
فارس,جنت شهر,Fars,Jannat Shahr
فارس,جهرم,Fars,Jahrom
فارس,جویم,Fars,Juyom
فارس,حاجی آباد,Fars,Hajjiabad
فارس,حسامی,Fars,Hesami
فارس,حسن اباد,Fars,Hasanabad
فارس,خانه زنیان,Fars,Khaneh Zenyan
فارس,خانیمن,Fars,Khaniman
فارس,خاوران,Fars,Khavaran
فارس,خرامه,Fars,Kharameh
فارس,خشت,Fars,Khesht
فارس,خنج,Fars,Khonj
فارس,خور,Fars,Chur
فارس,خوزی,Fars,Khuzi
فارس,خومه زار,Fars,Khumeh Zar
فارس,داراب,Fars,Darab
فارس,داریان,Fars,Daryan
فارس,دبیران,Fars,Dabiran
فارس,دژکرد,Fars,Dezhkord
فارس,دهرم,Fars,Dehram
فارس,دوبرجی,Fars,Doborji
فارس,دوزه,Fars,Duzeh
فارس,رامجرد,Fars,Ramjerd
فارس,رونیز,Fars,Roniz
فارس,زاهدشهر,Fars,Zahedshahr
فارس,زرقان,Fars,Zarqan
فارس,سده,Fars,Sedeh
فارس,سروستان,Fars,Sarvestan
فارس,سعادت شهر,Fars,Saadat Shahr
فارس,سلطان شهر,Fars,Soltan Shahr
فارس,سورمق,Fars,Surmaq
فارس,سیدان,Fars,Seyedan
فارس,ششده,Fars,Sheshdeh
فارس,شهرپیر,Fars,Shahr-e Pir
فارس,شهرصدرا,Fars,Sadra
فارس,شیراز,Fars,Shiraz
فارس,صغاد,Fars,Soghad
فارس,صفاشهر,Fars,Safashahr
فارس,علامرودشت,Fars,Alamarvdasht
فارس,عمادده,Fars,Emadshahr
فارس,فدامی,Fars,Fadami
فارس,فراشبند,Fars,Farashband
فارس,فسا,Fars,Fasa
فارس,فیروزآباد,Fars,Firuzabad
فارس,قادراباد,Fars,Qaderabad
فارس,قایمیه,Fars,Qaemiyeh
فارس,قره بلاغ,Fars,Qarah Bolagh
فارس,قطب آباد,Fars,QotbAbad
فارس,قطرویه,Fars,Qatruyeh
فارس,قیر,Fars,Qir
فارس,کارزین (فتح آباد),Fars,Karzin (Fathabad)
فارس,کازرون,Fars,Kazerun
فارس,کامفیروز,Fars,Kamfiruz
فارس,کره ای,Fars,Korehi
فارس,کنارتخته,Fars,Konartakhteh
فارس,کوار,Fars,Kavar
فارس,کوپن,Fars,Kopen
فارس,کوهنجان,Fars,Kuhenjan
فارس,گراش,Fars,Gerash
فارس,گله دار,Fars,Galehdar
فارس,لار,Fars,Lar
فارس,لامرد,Fars,Lamerd
فارس,لپویی,Fars,Lapuee
فارس,لطیفی,Fars,Latifi
فارس,مادرسلیمان,Fars,Madar-e-Soleyman
فارس,مبارک آباددیز,Fars,Mobarakabad-e Diz
فارس,مرودشت,Fars,Marvdasht
فارس,مزایجان,Fars,Mazayjan
فارس,مشکان,Fars,Meshkan
فارس,مصیری,Fars,Masiri
فارس,مهر,Fars,Mohr
فارس,میانشهر,Fars,Miyanshahr
فارس,میمند,Fars,Meimand
فارس,نوبندگان,Fars,Now Bandegan
فارس,نوجین,Fars,Nowjein
فارس,نودان,Fars,Nudān
فارس,نورآباد,Fars,Nurabad
فارس,نی ریز,Fars,Neyriz
فارس,هماشهر,Fars,Homashahr
فارس,وراوی,Fars,Varavi
قزوین,آبگرم,Qazvin,Abgarm
قزوین,آبیک,Qazvin,Abyek
قزوین,آوج,Qazvin,Avaj
قزوین,ارداق,Qazvin,Ardaq
قزوین,اسفرورین,Qazvin,Esfarvarin
قزوین,اقبالیه,Qazvin,Eqbaliyeh
قزوین,الوند,Qazvin,Alvand
قزوین,بویین زهرا,Qazvin,Buin Zahra
قزوین,بیدستان,Qazvin,Bidestan
قزوین,تاکستان,Qazvin,Takestan
قزوین,خاکعلی,Qazvin,Khak Ali
قزوین,خرمدشت,Qazvin,Khorramdasht
قزوین,دانسفهان,Qazvin,Danesfahan
قزوین,رازمیان,Qazvin,Razmian
قزوین,سگزآباد,Qazvin,Sagzabad
قزوین,سیردان,Qazvin,Sirdan
قزوین,شال,Qazvin,Shal
قزوین,شریفیه,Qazvin,Sharifiyeh
قزوین,ضیاڈآباد,Qazvin,Ziaabad
قزوین,قزوین,Qazvin,Qazvin
قزوین,کوهین,Qazvin,Kuhin
قزوین,محمدیه,Qazvin,Mohammedia
قزوین,محمودآبادنمونه,Qazvin,MahmudAbad Nemoneh
قزوین,معلم کلایه,Qazvin,Moalem Kelaye
قزوین,نرجه,Qazvin,Narje
قم,جعفریه,Qom,Jafariyeh
قم,دستجرد,Qom,Dastjerd
قم,سلفچگان,Qom,Salafchegan
قم,قم,Qom,Qom
قم,قنوات,Qom,Qanavat
قم,کهک,Qom,Kahak
کردستان,آرمرده,Kurdistan,Armardeh
کردستان,اورامان تخت,Kurdistan,Uraman Takht
کردستان,بابارشانی,Kurdistan,Babarashani
کردستان,بانه,Kurdistan,Baneh
کردستان,برده رشه,Kurdistan,Bardeh Rasheh
کردستان,بلبان آباد,Kurdistan,Bolbolanabad
کردستان,بویین سفلی,Kurdistan,Buin-e Sofla
کردستان,بیجار,Kurdistan,Bijar
کردستان,پیرتاج,Kurdistan,Pir Taj
کردستان,توپ آغاج,Kurdistan,Tup Aghaj
کردستان,چناره,Kurdistan,Chenar
کردستان,دزج,Kurdistan,Dezej
کردستان,دلبران,Kurdistan,Delbaran
کردستان,دهگلان,Kurdistan,Dehgolan
کردستان,دیواندره,Kurdistan,Divandarreh
کردستان,زرینه,Kurdistan,Zarrineh-ye
کردستان,سروآباد,Kurdistan,Sarvabad
کردستان,سریش آباد,Kurdistan,Serishabad
کردستان,سقز,Kurdistan,Saqqez
کردستان,سنندج,Kurdistan,Sanandaj
کردستان,شویشه,Kurdistan,Shoveysheh
کردستان,صاحب,Kurdistan,Saheb
کردستان,قروه,Kurdistan,Qorveh
کردستان,کامیاران,Kurdistan,Kamyaran
کردستان,کانی دینار,Kurdistan,Kani Dinar
کردستان,کانی سور,Kurdistan,Kani Sur
کردستان,مریوان,Kurdistan,Marivan
کردستان,موچش,Kurdistan,Muchesh
کردستان,یاسوکند,Kurdistan,Yasukand
کرمان,اختیارآباد,Kerman,EkhtiarAbad
کرمان,ارزوییه,Kerman,Arzuiyeh
کرمان,امین شهر,Kerman,Aminshahr
کرمان,انار,Kerman,Anar
کرمان,اندوهجرد,Kerman,Anduhjerd
کرمان,باغین,Kerman,Baghein
کرمان,بافت,Kerman,Baft
کرمان,بردسیر,Kerman,Bardsir
کرمان,بروات,Kerman,Baravat
کرمان,بزنجان,Kerman,Bezenjan
کرمان,بلورد,Kerman,Balvard
کرمان,بلوک,Kerman,Boluk
کرمان,بم,Kerman,Bam
کرمان,بهرمان,Kerman,Bahreman
کرمان,پاریز,Kerman,Pariz
کرمان,جبالبارز,Kerman,Jebalbarez
کرمان,جوپار,Kerman,Joupar
کرمان,جوزم,Kerman,Jowzam
کرمان,جیرفت,Kerman,Jiroft
کرمان,چترود,Kerman,Chatroud
کرمان,خاتون اباد,Kerman,Khatunabad
کرمان,خانوک,Kerman,Khanook
کرمان,خواجو شهر,Kerman,Khvaju Shahr
کرمان,خورسند,Kerman,Khorsand
کرمان,درب بهشت,Kerman,Darb-e Behesht
کرمان,دشتکار,Kerman,Dashtkar
کرمان,دهج,Kerman,Dehaj
کرمان,دوساری,Kerman,Dowsari
کرمان,رابر,Kerman,Rabor
کرمان,راور,Kerman,Ravar
کرمان,راین,Kerman,Rayen
کرمان,رفسنجان,Kerman,Rafsanjan
کرمان,رودبار,Kerman,Rudbar
کرمان,ریحان,Kerman,Reyhan
کرمان,زرند,Kerman,Zarand
کرمان,زنگی آباد,Kerman,Zangiabad
کرمان,زهکلوت,Kerman,Zeh-e Kalut
کرمان,زیدآباد,Kerman,Zeidabad
کرمان,سیرجان,Kerman,Sirjan
کرمان,شهداد,Kerman,Shahdad
کرمان,شهربابک,Kerman,Shahrebabak
کرمان,صفاییه,Kerman,Safayyeh
کرمان,عنبرآباد,Kerman,Anbarabad
کرمان,فاریاب,Kerman,Faryab
کرمان,فهرج,Kerman,Fahraj
کرمان,قلعه گنج,Kerman,Qaleh Ganj
کرمان,کاظم آباد,Kerman,KazemAbad
کرمان,کرمان,Kerman,Kerman
کرمان,کشکوییه,Kerman,Koshkuiyeh
کرمان,کهنوج,Kerman,Kahnuj
کرمان,کوهبنان,Kerman,Kouhbanan
کرمان,کیانشهر,Kerman,Kianshahr
کرمان,گلباف,Kerman,Golbaf
کرمان,گلزار,Kerman,Golzar
کرمان,گنبکی,Kerman,Gonbaki
کرمان,لاله زار,Kerman,Lalezar
کرمان,ماهان,Kerman,Mahan
کرمان,محمدآباد,Kerman,Mohammadabad
کرمان,محی آباد,Kerman,Mohiabad
کرمان,مردهک,Kerman,Mardehek
کرمان,مس سرچشمه,Kerman,Mes-e Sarcheshmeh
کرمان,منوجان,Kerman,Manoujan
کرمان,نجف شهر,Kerman,Najafshahr
کرمان,نرماشیر,Kerman,Narmashir
کرمان,نظام شهر,Kerman,NezamShahr
کرمان,نگار,Kerman,Negar
کرمان,نودژ,Kerman,Nowdezh
کرمان,هجدک,Kerman,Hojedk
کرمان,هماشهر,Kerman,Homashahr
کرمان,هنزا,Kerman,Hanza
کرمان,یزدان شهر,Kerman,Yazdanshahr
کرمانشاه,ازگله,Kermanshah,Ezgeleh
کرمانشاه,اسلام آبادغرب,Kermanshah,Eslamabad-e-Gharb
کرمانشاه,بانوره,Kermanshah,Banehvreh
کرمانشاه,باینگان,Kermanshah,Bayangan
کرمانشاه,بیستون,Kermanshah,Bisotun
کرمانشاه,پاوه,Kermanshah,Paveh
کرمانشاه,تازه آباد,Kermanshah,Tazehabad
کرمانشاه,جوانرود,Kermanshah,Javanrud
کرمانشاه,حمیل,Kermanshah,Hameyl
کرمانشاه,رباط,Kermanshah,Robat
کرمانشاه,روانسر,Kermanshah,Ravansar
کرمانشاه,ریجاب,Kermanshah,Rizhaw
کرمانشاه,سرپل ذهاب,Kermanshah,Sarpol-e Zahab
کرمانشاه,سرمست,Kermanshah,Srmast
کرمانشاه,سطر,Kermanshah,Satar
کرمانشاه,سنقر,Kermanshah,Sonqor
کرمانشاه,سومار,Kermanshah,Sumar
کرمانشاه,شاهو,Kermanshah,Shaho
کرمانشاه,صحنه,Kermanshah,Sahneh
کرمانشاه,قصرشیرین,Kermanshah,Qasreshirin
کرمانشاه,کرمانشاه,Kermanshah,Kermanshah
کرمانشاه,کرند,Kermanshah,Kerend
کرمانشاه,کنگاور,Kermanshah,kangavar
کرمانشاه,کوزران,Kermanshah,Kuzaran
کرمانشاه,گهواره,Kermanshah,Gahvareh
کرمانشاه,گودین,Kermanshah,Gowdin
کرمانشاه,گیلانغرب,Kermanshah,Gilan-e Gharb
کرمانشاه,میان راهان,Kermanshah,Mian Rahan
کرمانشاه,نودشه,Kermanshah,Nowdeshah
کرمانشاه,نوسود,Kermanshah,Nowsud
کرمانشاه,هرسین,Kermanshah,Harsin
کرمانشاه,هلشی,Kermanshah,Halashi
کهگیلویه وبویراحمد,باشت,Kohgiluyeh and Boyer-Ahmad,Basht
کهگیلویه وبویراحمد,پاتاوه,Kohgiluyeh and Boyer-Ahmad,Pataveh
کهگیلویه وبویراحمد,چرام,Kohgiluyeh and Boyer-Ahmad,Charam
کهگیلویه وبویراحمد,چیتاب,Kohgiluyeh and Boyer-Ahmad,Chitab
کهگیلویه وبویراحمد,دهدشت,Kohgiluyeh and Boyer-Ahmad,Dehdasht
کهگیلویه وبویراحمد,دوگنبدان,Kohgiluyeh and Boyer-Ahmad,Dogonbadan
کهگیلویه وبویراحمد,دیشموک,Kohgiluyeh and Boyer-Ahmad,Dishmuk
کهگیلویه وبویراحمد,سرفاریاب,Kohgiluyeh and Boyer-Ahmad,Sarfaryab
کهگیلویه وبویراحمد,سوق,Kohgiluyeh and Boyer-Ahmad,Suq
کهگیلویه وبویراحمد,سی سخت,Kohgiluyeh and Boyer-Ahmad,Sisakht
کهگیلویه وبویراحمد,قلعه رییسی,Kohgiluyeh and Boyer-Ahmad,Qaleh Raisi
کهگیلویه وبویراحمد,گراب سفلی,Kohgiluyeh and Boyer-Ahmad,Garab-e Sofla
کهگیلویه وبویراحمد,لنده,Kohgiluyeh and Boyer-Ahmad,Landeh
کهگیلویه وبویراحمد,لیکک,Kohgiluyeh and Boyer-Ahmad,Likak
کهگیلویه وبویراحمد,مادوان,Kohgiluyeh and Boyer-Ahmad,Madevan
کهگیلویه وبویراحمد,مارگون,Kohgiluyeh and Boyer-Ahmad,Margun
کهگیلویه وبویراحمد,یاسوج,Kohgiluyeh and Boyer-Ahmad,Yasuj
گلستان,آزادشهر,Golestan,Azadshahr
گلستان,آق قلا,Golestan,Aghghala
گلستان,انبارآلوم,Golestan,Anbarolum
گلستان,اینچه برون,Golestan,Incheboron
گلستان,بندرترکمن,Golestan,Bandar-e Torkman
گلستان,بندرگز,Golestan,Bandar-e Gaz
گلستان,تاتارعلیا,Golestan,Tatar-e Olya
گلستان,جلین,Golestan,Jelin
گلستان,خان ببین,Golestan,Khanbebin
گلستان,دلند,Golestan,Daland
گلستان,رامیان,Golestan,Ramian
گلستان,سرخنکلاته,Golestan,Sorkhankalateh
گلستان,سنگدوین,Golestan,Sangdevin
گلستان,سیمین شهر,Golestan,Siminshahr
گلستان,علی اباد,Golestan,Aliabad
گلستان,فاضل آباد,Golestan,Fazelabad
گلستان,فراغی,Golestan,Faraghi
گلستان,کردکوی,Golestan,Kordkuy
گلستان,کلاله,Golestan,Kalaleh
گلستان,گالیکش,Golestan,Galikash
گلستان,گرگان,Golestan,Gorgan
گلستان,گمیش تپه,Golestan,Gumish Tappe
گلستان,گنبدکاووس,Golestan,Gonbad-e Kavus
گلستان,مراوه,Golestan,Marava tappeh
گلستان,مزرعه,Golestan,Mazraeh
گلستان,مینودشت,Golestan,Minudasht
گلستان,نگین شهر,Golestan,Neginshahr
گلستان,نوده خاندوز,Golestan,Nowdeh Khanduz
گلستان,نوکنده,Golestan,Nokandeh
گیلان,آستارا,Gilan,Astara
گیلان,آستانه اشرفیه,Gilan,Astaneh-ye Ashrafiyeh
گیلان,احمدسرگوراب,Gilan,Ahmad Sargurab
گیلان,اسالم,Gilan,Asalem
گیلان,اطاقور,Gilan,Otaqvar
گیلان,املش,Gilan,Amlash
گیلان,بازار جمعه,Gilan,Bazar Jomeh
گیلان,بره سر,Gilan,Barehsar
گیلان,بندرانزلی,Gilan,Bandar Anzali
گیلان,پره سر,Gilan,Pareh sar
گیلان,توتکابن,Gilan,Tutkabon
گیلان,جیرنده,Gilan,Jirandeh
گیلان,چابکسر,Gilan,Chaboksar
گیلان,چاف و چمخاله,Gilan,Chaf and Chamkhaleh
گیلان,چوبر,Gilan,Chubar
گیلان,حویق,Gilan,Haviq
گیلان,خشکبیجار,Gilan,Khoshkebijar
گیلان,خمام,Gilan,Khomam
گیلان,دیلمان,Gilan,Deylaman
گیلان,رانکوه,Gilan,Ranekouh
گیلان,رحیم آباد,Gilan,Rahimabad
گیلان,رستم آباد,Gilan,Rostam Abad
گیلان,رشت,Gilan,Rasht
گیلان,رضوانشهر,Gilan,Rezvanshahr
گیلان,رودبار,Gilan,Rudbar
گیلان,رودبنه,Gilan,Roudboneh
گیلان,رودسر,Gilan,Rudsar
گیلان,سنگر,Gilan,Sangar
گیلان,سیاهکل,Gilan,Siahkal
گیلان,شفت,Gilan,Shaft
گیلان,شلمان,Gilan,Shalman
گیلان,صومعه سرا,Gilan,Someh Sara
گیلان,فومن,Gilan,Fuman
گیلان,کلاچای,Gilan,Kala Chay
گیلان,کوچصفهان,Gilan,Kuchesfahan
گیلان,کومله,Gilan,Komoleh
گیلان,کیاشهر,Gilan,Kiashahr
گیلان,گوراب زرمیخ,Gilan,Gorabzarmikh
گیلان,لاهیجان,Gilan,Lahijan
گیلان,لشت نشاء,Gilan,Lasht-e Nesha
گیلان,لنگرود,Gilan,Langarud
گیلان,لوشان,Gilan,Lowshan
گیلان,لولمان,Gilan,Loleman
گیلان,لوندویل,Gilan,Lavandevil
گیلان,لیسار,Gilan,Lisar
گیلان,ماسال,Gilan,Masal
گیلان,ماسوله,Gilan,Masouleh
گیلان,ماکلوان,Gilan,Maklavan
گیلان,مرجقل,Gilan,Tolam Shahr
گیلان,منجیل,Gilan,Manjil
گیلان,هشتپر (تالش),Gilan,Hashtpar (Talesh)
گیلان,واجارگاه,Gilan,Vajargah
لرستان,ازنا,Lorestan,Azna
لرستان,اشترینان,Lorestan,Oshtorinan
لرستان,الشتر,Lorestan,Aleshtar
لرستان,الیگودرز,Lorestan,Aligudarz
لرستان,بروجرد,Lorestan,Borujerd
لرستان,بیران شهر,Lorestan,Beyranshahr
لرستان,پلدختر,Lorestan,Poldokhtar
لرستان,چالانچولان,Lorestan,Chalanchulan
لرستان,چقابل,Lorestan,Chaqabol
لرستان,خرم آباد,Lorestan,Khorramabad
لرستان,درب گنبد,Lorestan,Darb-e Gonbad
لرستان,دورود,Lorestan,Dorud
لرستان,زاغه,Lorestan,Zagheh
لرستان,سپیددشت,Lorestan,Sepiddasht
لرستان,سراب دوره,Lorestan,Sarāb-e Dowreh
لرستان,شول آباد,Lorestan,Shulabad
لرستان,فیروزآباد,Lorestan,Firuzabad
لرستان,کوهدشت,Lorestan,Kuhdasht
لرستان,کوهنانی,Lorestan,Kuhnani
لرستان,گراب,Lorestan,Garab
لرستان,معمولان,Lorestan,Mamulan
لرستان,مومن آباد,Lorestan,Momenabad
لرستان,نورآباد,Lorestan,Nurabad
لرستان,هفت چشمه,Lorestan,Haft Cheshmeh
لرستان,ویسیان,Lorestan,Veysian
مازندران,آلاشت,Mazandaran,Alasht
مازندران,آمل,Mazandaran,Amol
مازندران,ارطه,Mazandaran,Arateh
مازندران,امامزاده عبدالله,Mazandaran,Emamzadeh Abdollah
مازندران,امیرکلا,Mazandaran,Amirkola
مازندران,ایزدشهر,Mazandaran,Izadshahr
مازندران,بابل,Mazandaran,Babylon
مازندران,بابلسر,Mazandaran,Babolsar
مازندران,بلده,Mazandaran,Baladeh
مازندران,بهشهر,Mazandaran,Behshahr
مازندران,بهنمیر,Mazandaran,Bahnemir
مازندران,پایین هولار,Mazandaran,Pain Hular
مازندران,پل سفید,Mazandaran,Sefid Bridge
مازندران,پول,Mazandaran,Pul
مازندران,تنکابن,Mazandaran,Tonekabon
مازندران,جویبار,Mazandaran,Joybar
مازندران,چالوس,Mazandaran,Chalus
مازندران,چمستان,Mazandaran,Chamestan
مازندران,خرم آباد,Mazandaran,Khorramabad
مازندران,خلیل شهر,Mazandaran,Khalil Shahr
مازندران,خوش رودپی,Mazandaran,Khush Rudpey
مازندران,دابودشت,Mazandaran,Daboodasht
مازندران,رامسر,Mazandaran,Ramsar
مازندران,رستمکلا,Mazandaran,Rostamkola
مازندران,رویان,Mazandaran,Royan
مازندران,رینه,Mazandaran,Rineh
مازندران,زرگرمحله,Mazandaran,Zargarmahalleh
مازندران,زیرآب,Mazandaran,Zirab
مازندران,ساری,Mazandaran,Sari
مازندران,سرخرود,Mazandaran,Sorkhrud
مازندران,سلمان شهر,Mazandaran,Salman Shahr
مازندران,سورک,Mazandaran,Surak
مازندران,شیرگاه,Mazandaran,Shirgah
مازندران,شیرود,Mazandaran,Shirud
مازندران,عباس اباد,Mazandaran,Abbasabad
مازندران,فریدونکنار,Mazandaran,Fereydunkenar
مازندران,فریم,Mazandaran,Farim
مازندران,قایم شهر,Mazandaran,Qaem Shahr
مازندران,کتالم وسادات شهر,Mazandaran,Ketalem and Sadat Shahr
مازندران,کجور,Mazandaran,Kojur
مازندران,کلارآباد,Mazandaran,Kelarabad
مازندران,کلاردشت,Mazandaran,Kelardasht
مازندران,کوهی خیل,Mazandaran,Kuhi Kheyl
مازندران,کیاسر,Mazandaran,Kiyasar
مازندران,کیاکلا,Mazandaran,Kiakola
مازندران,گتاب,Mazandaran,Gatab
مازندران,گزنک,Mazandaran,Gazanak
مازندران,گلوگاه,Mazandaran,Galugah
مازندران,گلوگاه,Mazandaran,Galugah
مازندران,محمودآباد,Mazandaran,Mahmoudabad
مازندران,مرزن آباد,Mazandaran,Marzan Abad
مازندران,مرزیکلا,Mazandaran,Marzikola
مازندران,نشتارود,Mazandaran,Nashtarood
مازندران,نکا,Mazandaran,Neka
مازندران,نور,Mazandaran,Nur
مازندران,نوشهر,Mazandaran,Nowshahr
مازندران,هادی شهر,Mazandaran,Hadishahr
مازندران,هچیرود,Mazandaran,Hachirud
مرکزی,آستانه,Markazi,Astana
مرکزی,آشتیان,Markazi,Ashtian
مرکزی,آوه,Markazi,Aveh
مرکزی,اراک,Markazi,Arak
مرکزی,پرندک,Markazi,Parandak
مرکزی,تفرش,Markazi,Tafresh
مرکزی,توره,Markazi,Tavreh
مرکزی,جاورسیان,Markazi,Javersiyan
مرکزی,خشکرود,Markazi,Khoshkrud
مرکزی,خمین,Markazi,Khomeyn
مرکزی,خنجین,Markazi,Khenejin
مرکزی,خنداب,Markazi,Khondab
مرکزی,داودآباد,Markazi,Davudabad
مرکزی,دلیجان,Markazi,Delijan
مرکزی,رازقان,Markazi,Razqan
مرکزی,زاویه,Markazi,Al Zawiyah
مرکزی,ساروق,Markazi,Saruq
مرکزی,ساوه,Markazi,Saveh
مرکزی,شازند,Markazi,Shazand
مرکزی,شهباز,Markazi,Shahbaz
مرکزی,غرق آباد,Markazi,Gharqabad
مرکزی,فرمهین,Markazi,Farmahin
مرکزی,قورچی باشی,Markazi,Qurchbashi
مرکزی,کارچان,Markazi,Karchan
مرکزی,کمیجان,Markazi,Komijan
مرکزی,مامونیه,Markazi,Ma'muniyeh
مرکزی,محلات,Markazi,Mahallat
مرکزی,مهاجران,Markazi,Mohajeran
مرکزی,میلاجرد,Markazi,Milajerd
مرکزی,نراق,Markazi,Naraq
مرکزی,نوبران,Markazi,Nowbaran
مرکزی,نیمور,Markazi,Nimvar
مرکزی,هندودر,Markazi,Hendodar
هرمزگان,ابوموسی,Hormozgan,Abu Musa
هرمزگان,بستک,Hormozgan,Bastak
هرمزگان,بندرجاسک,Hormozgan,Bandar-e-Jask
هرمزگان,بندرعباس,Hormozgan,Bandar Abbas
هرمزگان,بندرلنگه,Hormozgan,Bandar-e Lengeh
هرمزگان,بیکاء,Hormozgan,Bikah
هرمزگان,پارسیان,Hormozgan,Parsian
هرمزگان,تازیان پایین,Hormozgan,Tazian-e Pain
هرمزگان,تخت,Hormozgan,Takht
هرمزگان,تیرور,Hormozgan,Tirur
هرمزگان,جناح,Hormozgan,Jenah
هرمزگان,چارک,Hormozgan,Bandar Charak
هرمزگان,حاجی اباد,Hormozgan,Hajjiabad
هرمزگان,خمیر,Hormozgan,Khamir
هرمزگان,درگهان,Hormozgan,Dargahan
هرمزگان,دشتی,Hormozgan,Dashti
هرمزگان,دهبارز,Hormozgan,Dehbārez
هرمزگان,رویدر,Hormozgan,Ruydar
هرمزگان,زیارتعلی,Hormozgan,Ziaratali
هرمزگان,سردشت,Hormozgan,Sardasht
هرمزگان,سرگز,Hormozgan,Sargaz
هرمزگان,سندرک,Hormozgan,Senderk
هرمزگان,سوزا,Hormozgan,Suza
هرمزگان,سیریک,Hormozgan,Seerik
هرمزگان,فارغان,Hormozgan,Fareghan
هرمزگان,فین,Hormozgan,Fin
هرمزگان,قشم,Hormozgan,Qeshm
هرمزگان,قلعه قاضی,Hormozgan,Qaleh Qazi
هرمزگان,کنگ,Hormozgan,Kang
هرمزگان,کوشکنار,Hormozgan,Kushk-e Nar
هرمزگان,کوهستک,Hormozgan,Kuhestak
هرمزگان,کیش,Hormozgan,Kish
هرمزگان,گروک,Hormozgan,Garuk
هرمزگان,گوهران,Hormozgan,Gowharan
هرمزگان,لمزان,Hormozgan,Lamazan
هرمزگان,میناب,Hormozgan,Minab
هرمزگان,هرمز,Hormozgan,Hormuz
هرمزگان,هشتبندی,Hormozgan,Hasht Bandi
همدان,آجین,Hamadan,Ajin
همدان,ازندریان,Hamadan,Azandarian
همدان,اسدآباد,Hamadan,Asadabad
همدان,برزول,Hamadan,Barzul
همدان,بهار,Hamadan,Bihar
همدان,تویسرکان,Hamadan,Tuyserkan
همدان,جورقان,Hamadan,joraghan
همدان,جوکار,Hamadan,Jowkar
همدان,دمق,Hamadan,Damaq
همدان,رزن,Hamadan,Razan
همدان,زنگنه,Hamadan,Zangeneh
همدان,سامن,Hamadan,Samen
همدان,سرکان,Hamadan,Sarkan
همدان,شیرین سو,Hamadan,Shirin Su
همدان,صالح آباد,Hamadan,Saleh Abad-e
همدان,فامنین,Hamadan,Famenin
همدان,فرسفج,Hamadan,Farasfaj
همدان,فیروزان,Hamadan,Firozan
همدان,قروه درجزین,Hamadan,Qorveh-e Darjazin
همدان,قهاوند,Hamadan,Qahavand
همدان,کبودرآهنگ,Hamadan,Kabudarahang
همدان,گل تپه,Hamadan,Gol Tappeh
همدان,گیان,Hamadan,Gayan
همدان,لالجین,Hamadan,Lalejin
همدان,مریانج,Hamadan,Maryanaj
همدان,ملایر,Hamadan,Malayer
همدان,مهاجران,Hamadan,Mahajeran
همدان,نهاوند,Hamadan,Nahavand
همدان,همدان,Hamadan,Hamadan
یزد,ابرکوه,Yazd,Abarkuh
یزد,احمدآباد,Yazd,Ahmadabad
یزد,اردکان,Yazd,Ardakan
یزد,اشکذر,Yazd,Ashkezar
یزد,بافق,Yazd,Bafq
یزد,بفروییه,Yazd,Bafruiyeh
یزد,بهاباد,Yazd,Behabad
یزد,تفت,Yazd,Taft
یزد,حمیدیا,Yazd,Hamidia
یزد,خضرآباد,Yazd,Khezrababd
یزد,زارچ,Yazd,Zarch
یزد,شاهدیه,Yazd,Shahediyeh
یزد,عقدا,Yazd,Aqda
یزد,مروست,Yazd,Marvast
یزد,مهردشت,Yazd,Mehrdasht
یزد,مهریز,Yazd,Mehriz
یزد,میبد,Yazd,Meybod
یزد,ندوشن,Yazd,Nadushan
یزد,نیر,Yazd,Nir
یزد,هرات,Yazd,Herat
یزد,یزد,Yazd,Yazd
